'220.181.108.121';'Feb 25 10:38:19'
'220.181.108.121';'Feb 25 10:38:19'
'220.181.108.121';'Feb 25 10:38:19'
'220.181.108.121';'Feb 25 10:38:19'
'220.181.108.121';'Feb 25 10:38:19'
'220.181.108.121';'Feb 25 10:38:19'
'220.181.108.121';'Feb 25 10:38:19'
'220.181.108.121';'Feb 25 10:38:19'
'220.181.108.121';'Feb 25 10:38:19'
'220.181.108.121';'Feb 25 10:38:19'
'220.181.108.118';'Feb 25 10:38:45'
'220.181.108.106';'Feb 25 10:55:03'
'220.181.108.106';'Feb 25 10:55:03'
'220.181.108.106';'Feb 25 10:55:03'
'220.181.108.106';'Feb 25 10:55:03'
'220.181.108.106';'Feb 25 10:55:03'
'220.181.108.106';'Feb 25 10:55:03'
'220.181.108.106';'Feb 25 10:55:03'
'220.181.108.106';'Feb 25 10:55:03'
'220.181.108.106';'Feb 25 10:55:03'
'220.181.108.106';'Feb 25 10:55:03'
